Factor,Survival Rate
Overall,41.19897959183674
First Class,63.084112149532714
Second Class,50.90909090909091
Third Class,25.679012345679013
Women,74.06143344709898
Men,21.58859470468432
With Family,51.183431952662716
Alone,33.6322869955157
